month;year;temperature
January;2001;-3.132
February;2001;-0.036
March;2001;5.374
April;2001;6.877
May;2001;15.074
June;2001;14.567
July;2001;18.048
August;2001;18.058
September;2001;10.81
October;2001;10.781
November;2001;1.483
December;2001;-3.835
January;2002;-2.8
February;2002;3.207
March;2002;4.052
April;2002;7.757
May;2002;14.939
June;2002;18.423
July;2002;18.665
August;2002;17.771
September;2002;11.747
October;2002;6.981
November;2002;4.73
December;2002;-1.755
January;2003;-2.823
February;2003;-5.657
March;2003;3.094
April;2003;7.233
May;2003;15.045
June;2003;20.263
July;2003;18.684
August;2003;19.739
September;2003;11.83
October;2003;4.348
November;2003;3.33
December;2003;-2.79
January;2004;-3.213
February;2004;0.134
March;2004;0.61
April;2004;7.667
May;2004;11.655
June;2004;14.517
July;2004;16.955
August;2004;17.965
September;2004;13.567
October;2004;8.726
November;2004;5.403
December;2004;-1.835
January;2005;-0.274
February;2005;-3.861
March;2005;-1.761
April;2005;5.563
May;2005;10.497
June;2005;15.68
July;2005;16.91
August;2005;15.997
September;2005;14.263
October;2005;7.655
November;2005;1.95
December;2005;-2.055
January;2006;-6.455
February;2006;-2.336
March;2006;0.529
April;2006;8.037
May;2006;12.087
June;2006;15.457
July;2006;19.887
August;2006;14.281
September;2006;15.103
October;2006;9.994
November;2006;4.873
December;2006;0.826
January;2007;3.855
February;2007;3.207
March;2007;4.79
April;2007;10.687
May;2007;13.658
June;2007;17.317
July;2007;17.745
August;2007;16.368
September;2007;11.1
October;2007;6.506
November;2007;0.973
December;2007;-2.419
January;2008;0.374
February;2008;1.883
March;2008;3.448
April;2008;7.563
May;2008;13.068
June;2008;16.827
July;2008;16.594
August;2008;16.829
September;2008;11.287
October;2008;8.168
November;2008;4.227
December;2008;-0.039
January;2009;-4.558
February;2009;-1.107
March;2009;2.448
April;2009;11.177
May;2009;13.158
June;2009;14.503
July;2009;17.548
August;2009;17.626
September;2009;13.977
October;2009;7.181
November;2009;5.317
December;2009;-0.432
January;2010;-4.255
February;2010;-1.382
March;2010;3.148
April;2010;7.863
May;2010;11.616
June;2010;15.55
July;2010;18.542
August;2010;16.277
September;2010;11.343
October;2010;5.897
November;2010;4.54
December;2010;-3.887
January;2011;-1.329
February;2011;-1.196
March;2011;3.984
April;2011;10.39
May;2011;12.61
June;2011;15.98
July;2011;15.613
August;2011;17.768
September;2011;14.43
October;2011;7.794
November;2011;1.4
December;2011;1.258
January;2012;0.045
February;2012;-5.097
March;2012;5.748
April;2012;8.043
May;2012;13.365
June;2012;16.55
July;2012;17.303
August;2012;17.758
September;2012;13.09
October;2012;7.1
November;2012;4.143
December;2012;-0.497
January;2013;-1.061
February;2013;-2.061
March;2013;0.371
April;2013;8.373
May;2013;11.384
June;2013;14.967
July;2013;18.852
August;2013;17.558
September;2013;12.327
October;2013;8.681
November;2013;3.327
December;2013;0.568
January;2014;0.71
February;2014;2.443
March;2014;6.171
April;2014;9.183
May;2014;11.277
June;2014;15.947
July;2014;17.681
August;2014;15.477
September;2014;13.18
October;2014;10.013
November;2014;5.49
December;2014;1.858
January;2015;0.735
February;2015;-1.332
March;2015;3.835
April;2015;8
May;2015;12.258
June;2015;16.15
July;2015;19.903
August;2015;19.9
September;2015;12.357
October;2015;7.529
November;2015;6.05
December;2015;2.323
January;2016;-0.935
February;2016;3.638
March;2016;3.484
April;2016;8.197
May;2016;11.923
June;2016;16.21
July;2016;18.161
August;2016;16.584
September;2016;14.457
October;2016;7.2
November;2016;2.69
December;2016;-0.852
